query,value,source_keyword
vikka skincare,69700,skincare
bubble skincare,58450,skincare
riman korean skincare,200,skincare
olive young,110,skincare
dior skincare,50,skincare
best skincare for oily skin,50,skincare
new york times,40,skincare
วิวาห์ ปฐพี บ้าน วาทิน วณิช ep 8,2100,บ้าน
แม่ อยู่ บ้าน กับ ลูก พ่อ ไม่ อยู่ พ่อ ใน,750,บ้าน
แม่ อยู่ บ้าน กับ ลูก พ่อ ไม่ อยู่ พ่อ,700,บ้าน
ปฏิบัติการ ลับ บ้าน โย ซากุระ,600,บ้าน
บ้าน ผล บอล พรุ่ง,120,บ้าน
grey,200,อาหารเสริม
อาหาร เสริม อก ใหญ่ ใน เซ เว่ น,80,อาหารเสริม
อาหาร เสริม ท่านชาย ยี่ห้อ ไหน ดี,70,อาหารเสริม
อาหาร เสริม บํา รุ ง ผม,70,อาหารเสริม
อาหาร เสริม ผู้ สูงอายุ อ่อนเพลีย ไม่มี แรง,50,อาหารเสริม
อาหาร เสริม ผู้ชาย 7 11,50,อาหารเสริม
b2s แฟชั่น ไอ ส์ แลนด์,100,แฟชั่น
น้อย แต่ มาก เรียบ แต่ โก้ ไฮ แฟชั่น,80,แฟชั่น
ที่ อยู่ แฟชั่น ไอ ส์ แลนด์,80,แฟชั่น
บา นา น่า ส เต ท แฟชั่น โฮเต็ล,80,แฟชั่น
บาร์ บี้ แฟชั่น,60,แฟชั่น
แฟชั่น สงกรานต์,50,แฟชั่น
ทํา บัตร ประชาชน แฟชั่น ไอ ส์ แลนด์,50,แฟชั่น
แฟชั่น ไอ ส์ แลนด์ ปิด กี่ โมง,50,แฟชั่น
ข่าว บันเทิง เกาหลี วัน นี้,200,บันเทิง
ข่าว บันเทิง จีน,80,บันเทิง
sanook บันเทิง ล่าสุด,60,บันเทิง
gossip บันเทิง,60,บันเทิง
สยาม บันเทิง,60,บันเทิง
พยาบาล สถาน บันเทิง คอร์ด,60,บันเทิง
ครอบครัว บันเทิง,50,บันเทิง
ข่าว บันเทิง เกาหลี,40,บันเทิง
ผ่า โลก บันเทิง,40,บันเทิง
