trend,content_idea
vikka skincare,5 เรื่องที่ต้องรู้เกี่ยวกับ vikka skincare
vikka skincare,รีวิว vikka skincare ที่กำลังเป็นกระแส
vikka skincare,vikka skincare ดีจริงไหม?
vikka skincare,มือใหม่ควรรู้อะไรเกี่ยวกับ vikka skincare
vikka skincare,เทรนด์ใหม่เกี่ยวกับ vikka skincare
needs skincare,5 เรื่องที่ต้องรู้เกี่ยวกับ needs skincare
needs skincare,รีวิว needs skincare ที่กำลังเป็นกระแส
needs skincare,needs skincare ดีจริงไหม?
needs skincare,มือใหม่ควรรู้อะไรเกี่ยวกับ needs skincare
needs skincare,เทรนด์ใหม่เกี่ยวกับ needs skincare
bubble skincare,5 เรื่องที่ต้องรู้เกี่ยวกับ bubble skincare
bubble skincare,รีวิว bubble skincare ที่กำลังเป็นกระแส
bubble skincare,bubble skincare ดีจริงไหม?
bubble skincare,มือใหม่ควรรู้อะไรเกี่ยวกับ bubble skincare
bubble skincare,เทรนด์ใหม่เกี่ยวกับ bubble skincare
best skincare for oily skin,5 เรื่องที่ต้องรู้เกี่ยวกับ best skincare for oily skin
best skincare for oily skin,รีวิว best skincare for oily skin ที่กำลังเป็นกระแส
best skincare for oily skin,best skincare for oily skin ดีจริงไหม?
best skincare for oily skin,มือใหม่ควรรู้อะไรเกี่ยวกับ best skincare for oily skin
best skincare for oily skin,เทรนด์ใหม่เกี่ยวกับ best skincare for oily skin
